nombreTabla,numeroTabla,cantidadFilas,espacio
categories,1,8,0.000137329102
customercustomerdemo,2,0,0.000030517578
customerdemographics,3,0,0.000015258789
customers,4,93,0.000015258789
employees,5,9,0.000167846680
employeeterritories,6,49,0.000030517578
`order details`,7,2155,0.000167846680
orders,8,830,0.000183105469
products,9,77,0.000045776367
region,10,4,0.000015258789
shippers,11,3,0.000015258789
suppliers,12,29,0.000015258789
territories,13,53,0.000030517578
